{
	"format_version": "1.12.0",
	"minecraft:geometry": [
		{
			"description": {
				"identifier": "geometry.#bpb2.0",
				"texture_width": 256,
				"texture_height": 256,
				"visible_bounds_width": 6,
				"visible_bounds_height": 4,
				"visible_bounds_offset": [0, 1, 0]
			},
			"bones": [
				{
					"name": "Whole",
					"pivot": [-1, 7, 0],
					"rotation": [-180, -90, 180]
				},
				{
					"name": "wheels",
					"parent": "Whole",
					"pivot": [-1, 7, 0]
				},
				{
					"name": "wheel1",
					"parent": "wheels",
					"pivot": [-1, 7, 0]
				},
				{
					"name": "all",
					"parent": "wheel1",
					"pivot": [-1, 7, 0]
				},
				{
					"name": "upperfront",
					"parent": "all",
					"pivot": [-1, 7, 0],
					"cubes": [
						{"origin": [-33, 1, -11], "size": [1, 4, 2], "uv": [108, 51]},
						{"origin": [-28, 1, -11], "size": [1, 4, 2], "uv": [25, 99]},
						{"origin": [-32, 5, -11], "size": [4, 1, 2], "uv": [144, 34]},
						{"origin": [-32, 0, -11], "size": [4, 1, 2], "uv": [144, 31]},
						{"origin": [-32, 1, -11], "size": [4, 4, 2], "uv": [54, 132]}
					]
				},
				{
					"name": "upperback",
					"parent": "all",
					"pivot": [-1, 7, 0],
					"cubes": [
						{"origin": [-25, 1, -11], "size": [1, 4, 2], "uv": [21, 113]},
						{"origin": [-24, 5, -11], "size": [4, 1, 2], "uv": [90, 144]},
						{"origin": [-24, 0, -11], "size": [4, 1, 2], "uv": [144, 102]},
						{"origin": [-24, 1, -11], "size": [4, 4, 2], "uv": [16, 133]},
						{"origin": [-20, 1, -11], "size": [1, 4, 2], "uv": [94, 116]}
					]
				},
				{
					"name": "middlefront",
					"parent": "all",
					"pivot": [-1, 7, 0],
					"cubes": [
						{"origin": [-32, -3, -16], "size": [4, 2, 4], "uv": [130, 127]},
						{"origin": [-32, -3, -12], "size": [4, 2, 1], "uv": [149, 21]},
						{"origin": [-32, -3, -17], "size": [4, 2, 1], "uv": [140, 148]},
						{"origin": [-33, -3, -16], "size": [1, 2, 4], "uv": [119, 136]},
						{"origin": [-28, -3, -16], "size": [1, 2, 4], "uv": [45, 136]}
					]
				},
				{
					"name": "middleback",
					"parent": "all",
					"pivot": [-1, 7, 0],
					"cubes": [
						{"origin": [-24, -3, -16], "size": [4, 2, 4], "uv": [130, 73]},
						{"origin": [-24, -3, -17], "size": [4, 2, 1], "uv": [130, 148]},
						{"origin": [-24, -3, -12], "size": [4, 2, 1], "uv": [120, 148]},
						{"origin": [-25, -3, -16], "size": [1, 2, 4], "uv": [10, 136]},
						{"origin": [-20, -3, -16], "size": [1, 2, 4], "uv": [0, 136]}
					]
				},
				{
					"name": "bottomfront",
					"parent": "all",
					"pivot": [-1, 7, 0],
					"cubes": [
						{"origin": [-32, -8, -11], "size": [3, 3, 2], "uv": [129, 143]},
						{"origin": [-32, -9, -11], "size": [3, 1, 2], "uv": [150, 98]},
						{"origin": [-32, -5, -11], "size": [3, 1, 2], "uv": [88, 150]},
						{"origin": [-33, -8, -11], "size": [1, 3, 2], "uv": [112, 151]},
						{"origin": [-29, -8, -11], "size": [1, 3, 2], "uv": [55, 151]}
					]
				},
				{
					"name": "bottomback",
					"parent": "all",
					"pivot": [-1, 7, 0],
					"cubes": [
						{"origin": [-23, -8, -11], "size": [3, 3, 2], "uv": [30, 144]},
						{"origin": [-20, -8, -11], "size": [1, 3, 2], "uv": [151, 51]},
						{"origin": [-24, -8, -11], "size": [1, 3, 2], "uv": [106, 150]},
						{"origin": [-23, -5, -11], "size": [3, 1, 2], "uv": [78, 150]},
						{"origin": [-23, -9, -11], "size": [3, 1, 2], "uv": [68, 150]}
					]
				},
				{
					"name": "supports",
					"parent": "wheel1",
					"pivot": [-1, 7, 0],
					"cubes": [
						{"origin": [-28, -10, -12], "size": [4, 1, 1], "uv": [149, 19]},
						{"origin": [-16, -44.5, -12], "size": [5, 1, 1], "pivot": [20.5, -8.5, -11.5], "rotation": [0, 0, 45], "uv": [146, 37]},
						{"origin": [-27, -6, -12], "size": [2, 3, 1], "uv": [6, 136]},
						{"origin": [-27, -1, -12], "size": [2, 3, 1], "uv": [6, 136]},
						{"origin": [-30, 4, -12], "size": [8, 1, 1], "uv": [132, 29]},
						{"origin": [-28, 5, -12], "size": [4, 4, 1], "uv": [70, 145]},
						{"origin": [-30, 2, -12], "size": [1, 2, 1], "uv": [17, 91]},
						{"origin": [-29, 2, -12], "size": [6, 1, 1], "uv": [139, 15]},
						{"origin": [-23, 2, -12], "size": [1, 2, 1], "uv": [9, 91]},
						{"origin": [-31, -1, -13], "size": [10, 1, 1], "uv": [25, 91]},
						{"origin": [-30, -1, -14], "size": [8, 1, 1], "uv": [118, 20]},
						{"origin": [-30, -4, -14], "size": [8, 1, 1], "uv": [116, 113]},
						{"origin": [-29, -4, -15], "size": [6, 1, 1], "uv": [82, 133]},
						{"origin": [-29, -1, -15], "size": [6, 1, 1], "uv": [82, 133]},
						{"origin": [-26.5, -3, -15], "size": [1, 2, 1], "uv": [5, 0]},
						{"origin": [-31, -7, -12], "size": [10, 1, 1], "uv": [88, 45]},
						{"origin": [-31, -4, -13], "size": [10, 1, 1], "uv": [88, 47]},
						{"origin": [-30, -8, -12], "size": [8, 1, 1], "uv": [132, 25]},
						{"origin": [-14, 21.5, -12], "size": [5, 1, 1], "pivot": [20.5, -8.5, -11.5], "rotation": [0, 0, -45], "uv": [146, 17]},
						{"origin": [-29.5, -9, -12], "size": [6.5, 1, 1], "uv": [139, 11]},
						{"origin": [-27, -11, -12], "size": [2, 1, 1], "uv": [52, 79]}
					]
				},
				{
					"name": "wheel2",
					"parent": "wheels",
					"pivot": [-1, 7, 0]
				},
				{
					"name": "all2",
					"parent": "wheel2",
					"pivot": [-1, 7, 0]
				},
				{
					"name": "upperback2",
					"parent": "all2",
					"pivot": [7, 7, 0],
					"cubes": [
						{"origin": [-24, 1, 5], "size": [4, 4, 2], "uv": [132, 31]},
						{"origin": [-24, 5, 5], "size": [4, 1, 2], "uv": [142, 126]},
						{"origin": [-24, 0, 5], "size": [4, 1, 2], "uv": [119, 142]},
						{"origin": [-20, 1, 5], "size": [1, 4, 2], "uv": [94, 2]},
						{"origin": [-25, 1, 5], "size": [1, 4, 2], "uv": [0, 91]}
					]
				},
				{
					"name": "upperfront2",
					"parent": "all2",
					"pivot": [-1, 7, 35],
					"cubes": [
						{"origin": [-32, 1, 5], "size": [4, 4, 2], "uv": [42, 130]},
						{"origin": [-33, 1, 5], "size": [1, 4, 2], "uv": [98, 51]},
						{"origin": [-28, 1, 5], "size": [1, 4, 2], "uv": [88, 95]},
						{"origin": [-32, 5, 5], "size": [4, 1, 2], "uv": [59, 143]},
						{"origin": [-32, 0, 5], "size": [4, 1, 2], "uv": [20, 143]}
					]
				},
				{
					"name": "middlefront2",
					"parent": "all2",
					"pivot": [-1, 7, 19],
					"cubes": [
						{"origin": [-32, -3, 8], "size": [4, 2, 4], "uv": [94, 125]},
						{"origin": [-32, -3, 12], "size": [4, 2, 1], "uv": [60, 149]},
						{"origin": [-32, -3, 7], "size": [4, 2, 1], "uv": [29, 149]},
						{"origin": [-28, -3, 8], "size": [1, 2, 4], "uv": [62, 137]},
						{"origin": [-33, -3, 8], "size": [1, 2, 4], "uv": [24, 137]}
					]
				},
				{
					"name": "middleback2",
					"parent": "all2",
					"pivot": [6, 7, 19],
					"cubes": [
						{"origin": [-24, -3, 8], "size": [4, 2, 4], "uv": [116, 101]},
						{"origin": [-24, -3, 12], "size": [4, 2, 1], "uv": [149, 81]},
						{"origin": [-24, -3, 7], "size": [4, 2, 1], "uv": [149, 60]},
						{"origin": [-20, -3, 8], "size": [1, 2, 4], "uv": [72, 138]},
						{"origin": [-25, -3, 8], "size": [1, 2, 4], "uv": [51, 138]}
					]
				},
				{
					"name": "bottomfront2",
					"parent": "all2",
					"pivot": [-1, 7, 16],
					"cubes": [
						{"origin": [-32, -8, 5], "size": [3, 3, 2], "uv": [80, 142]},
						{"origin": [-33, -8, 5], "size": [1, 3, 2], "uv": [21, 125]},
						{"origin": [-29, -8, 5], "size": [1, 3, 2], "uv": [123, 23]},
						{"origin": [-32, -5, 5], "size": [3, 1, 2], "uv": [47, 150]},
						{"origin": [-32, -9, 5], "size": [3, 1, 2], "uv": [37, 150]}
					]
				},
				{
					"name": "bottomback2",
					"parent": "all2",
					"pivot": [-1, 7, 0],
					"cubes": [
						{"origin": [-23, -8, 5], "size": [3, 3, 2], "uv": [42, 142]},
						{"origin": [-24, -8, 5], "size": [1, 3, 2], "uv": [120, 59]},
						{"origin": [-20, -8, 5], "size": [1, 3, 2], "uv": [120, 50]},
						{"origin": [-23, -9, 5], "size": [3, 1, 2], "uv": [150, 28]},
						{"origin": [-23, -5, 5], "size": [3, 1, 2], "uv": [20, 150]}
					]
				},
				{
					"name": "supports2",
					"parent": "wheel2",
					"pivot": [-1, 7, 0],
					"cubes": [
						{"origin": [-28, -10, 7], "size": [4, 1, 1], "uv": [148, 45]},
						{"origin": [-27, -11, 7], "size": [2, 1, 1], "uv": [38, 79]},
						{"origin": [-29, -9, 7], "size": [6, 1, 1], "uv": [139, 6]},
						{"origin": [-30, -8, 7], "size": [8, 1, 1], "uv": [132, 23]},
						{"origin": [-14, 21.3, 7], "size": [5, 1, 1], "pivot": [20.5, -8.5, -11.5], "rotation": [0, 0, -45], "uv": [145, 123]},
						{"origin": [-31, -7, 7], "size": [10, 1, 1], "uv": [0, 83]},
						{"origin": [-16, -44.5, 7], "size": [5, 1, 1], "pivot": [20.5, -8.5, -11.5], "rotation": [0, 0, 45], "uv": [146, 8]},
						{"origin": [-31, -1, 8], "size": [10, 1, 1], "uv": [0, 85]},
						{"origin": [-26.5, -3, 10], "size": [1, 2, 1], "uv": [5, 0]},
						{"origin": [-31, -4, 8], "size": [10, 1, 1], "uv": [38, 84]},
						{"origin": [-27, -6, 7], "size": [2, 3, 1], "uv": [128, 116]},
						{"origin": [-27, -1, 7], "size": [2, 3, 1], "uv": [128, 116]},
						{"origin": [-30, 2, 7], "size": [1, 2, 1], "uv": [55, 91]},
						{"origin": [-23, 2, 7], "size": [1, 2, 1], "uv": [25, 93]},
						{"origin": [-29, 2, 7], "size": [6, 1, 1], "uv": [139, 13]},
						{"origin": [-28, 5, 7], "size": [4, 4, 1], "uv": [10, 145]},
						{"origin": [-30, 4, 7], "size": [8, 1, 1], "uv": [132, 27]},
						{"origin": [-30, -1, 9], "size": [8, 1, 1], "uv": [128, 122]},
						{"origin": [-29, -1, 10], "size": [6, 1, 1], "uv": [132, 47]},
						{"origin": [-30, -4, 9], "size": [8, 1, 1], "uv": [21, 123]},
						{"origin": [-29, -4, 10], "size": [6, 1, 1], "uv": [132, 37]}
					]
				},
				{
					"name": "wheel3",
					"parent": "wheels",
					"pivot": [42, 7, 0]
				},
				{
					"name": "all3",
					"parent": "wheel3",
					"pivot": [42, 7, 0]
				},
				{
					"name": "upperfront3",
					"parent": "all3",
					"pivot": [42, 7, 35],
					"cubes": [
						{"origin": [11, 1, 5], "size": [4, 4, 2], "uv": [112, 127]},
						{"origin": [10, 1, 5], "size": [1, 4, 2], "uv": [88, 25]},
						{"origin": [15, 1, 5], "size": [1, 4, 2], "uv": [62, 85]},
						{"origin": [11, 5, 5], "size": [4, 1, 2], "uv": [142, 73]},
						{"origin": [11, 0, 5], "size": [4, 1, 2], "uv": [10, 142]}
					]
				},
				{
					"name": "upperback3",
					"parent": "all3",
					"pivot": [50, 7, 0],
					"cubes": [
						{"origin": [19, 1, 5], "size": [4, 4, 2], "uv": [32, 113]},
						{"origin": [19, 5, 5], "size": [4, 1, 2], "uv": [141, 137]},
						{"origin": [19, 0, 5], "size": [4, 1, 2], "uv": [141, 54]},
						{"origin": [23, 1, 5], "size": [1, 4, 2], "uv": [52, 73]},
						{"origin": [18, 1, 5], "size": [1, 4, 2], "uv": [38, 73]}
					]
				},
				{
					"name": "middlefront3",
					"parent": "all3",
					"pivot": [42, 7, 19],
					"cubes": [
						{"origin": [11, -3, 8], "size": [4, 2, 4], "uv": [116, 95]},
						{"origin": [11, -3, 12], "size": [4, 2, 1], "uv": [110, 148]},
						{"origin": [11, -3, 7], "size": [4, 2, 1], "uv": [148, 95]},
						{"origin": [10, -3, 8], "size": [1, 2, 4], "uv": [82, 135]},
						{"origin": [15, -3, 8], "size": [1, 2, 4], "uv": [134, 105]}
					]
				},
				{
					"name": "middleback3",
					"parent": "all3",
					"pivot": [49, 7, 19],
					"cubes": [
						{"origin": [19, -3, 8], "size": [4, 2, 4], "uv": [98, 60]},
						{"origin": [23, -3, 8], "size": [1, 2, 4], "uv": [134, 99]},
						{"origin": [18, -3, 8], "size": [1, 2, 4], "uv": [133, 133]},
						{"origin": [19, -3, 12], "size": [4, 2, 1], "uv": [148, 69]},
						{"origin": [19, -3, 7], "size": [4, 2, 1], "uv": [148, 78]}
					]
				},
				{
					"name": "bottomfront3",
					"parent": "all3",
					"pivot": [42, 7, 16],
					"cubes": [
						{"origin": [11, -8, 5], "size": [3, 3, 2], "uv": [0, 142]},
						{"origin": [10, -8, 5], "size": [1, 3, 2], "uv": [118, 11]},
						{"origin": [14, -8, 5], "size": [1, 3, 2], "uv": [118, 2]},
						{"origin": [11, -5, 5], "size": [3, 1, 2], "uv": [10, 150]},
						{"origin": [11, -9, 5], "size": [3, 1, 2], "uv": [0, 150]}
					]
				},
				{
					"name": "bottomback3",
					"parent": "all3",
					"pivot": [42, 7, 0],
					"cubes": [
						{"origin": [20, -8, 5], "size": [3, 3, 2], "uv": [141, 49]},
						{"origin": [19, -8, 5], "size": [1, 3, 2], "uv": [115, 116]},
						{"origin": [23, -8, 5], "size": [1, 3, 2], "uv": [83, 115]},
						{"origin": [20, -9, 5], "size": [3, 1, 2], "uv": [148, 149]},
						{"origin": [20, -5, 5], "size": [3, 1, 2], "uv": [149, 146]}
					]
				},
				{
					"name": "supports3",
					"parent": "wheel3",
					"pivot": [42, 7, 0],
					"cubes": [
						{"origin": [15, -10, 7], "size": [4, 1, 1], "uv": [37, 93]},
						{"origin": [16, -11, 7], "size": [2, 1, 1], "uv": [11, 32]},
						{"origin": [14, -9, 7], "size": [6, 1, 1], "uv": [139, 4]},
						{"origin": [14, -14, 7], "size": [5, 1, 1], "pivot": [20.5, -8.5, -11.5], "rotation": [0, 0, 45], "uv": [139, 118]},
						{"origin": [17, -9, 7], "size": [5, 1, 1], "pivot": [20.5, -8.5, -11.5], "rotation": [0, 0, -45], "uv": [142, 129]},
						{"origin": [13, -8, 7], "size": [8, 1, 1], "uv": [131, 63]},
						{"origin": [12, -7, 7], "size": [10, 1, 1], "uv": [38, 82]},
						{"origin": [12, -1, 8], "size": [10, 1, 1], "uv": [0, 81]},
						{"origin": [14, -1, 10], "size": [6, 1, 1], "uv": [135, 82]},
						{"origin": [16.5, -3, 10], "size": [1, 2, 1], "uv": [5, 0]},
						{"origin": [13, -4, 9], "size": [8, 1, 1], "uv": [41, 97]},
						{"origin": [13, -1, 9], "size": [8, 1, 1], "uv": [41, 97]},
						{"origin": [14, -4, 10], "size": [6, 1, 1], "uv": [52, 122]},
						{"origin": [12, -4, 8], "size": [10, 1, 1], "uv": [46, 47]},
						{"origin": [16, -6, 7], "size": [2, 3, 1], "uv": [110, 60]},
						{"origin": [16, -1, 7], "size": [2, 3, 1], "uv": [110, 60]},
						{"origin": [13, 2, 7], "size": [1, 2, 1], "uv": [67, 90]},
						{"origin": [20, 2, 7], "size": [1, 2, 1], "uv": [73, 85]},
						{"origin": [14, 2, 7], "size": [6, 1, 1], "uv": [139, 2]},
						{"origin": [15, 5, 7], "size": [4, 2, 1], "uv": [149, 143]},
						{"origin": [13, 4, 7], "size": [8, 1, 1], "uv": [131, 61]}
					]
				},
				{
					"name": "wheel4",
					"parent": "wheels",
					"pivot": [42, 7, 0]
				},
				{
					"name": "all4",
					"parent": "wheel4",
					"pivot": [42, 7, 0]
				},
				{
					"name": "upperfront4",
					"parent": "all4",
					"pivot": [42, 7, 0],
					"cubes": [
						{"origin": [10, 1, -11], "size": [1, 4, 2], "uv": [0, 65]},
						{"origin": [15, 1, -11], "size": [1, 4, 2], "uv": [46, 25]},
						{"origin": [11, 5, -11], "size": [4, 1, 2], "uv": [32, 141]},
						{"origin": [11, 0, -11], "size": [4, 1, 2], "uv": [140, 105]},
						{"origin": [11, 1, -11], "size": [4, 4, 2], "uv": [99, 95]}
					]
				},
				{
					"name": "upperback4",
					"parent": "all4",
					"pivot": [42, 7, 0],
					"cubes": [
						{"origin": [18, 1, -11], "size": [1, 4, 2], "uv": [0, 42]},
						{"origin": [19, 5, -11], "size": [4, 1, 2], "uv": [140, 99]},
						{"origin": [19, 0, -11], "size": [4, 1, 2], "uv": [139, 133]},
						{"origin": [19, 1, -11], "size": [4, 4, 2], "uv": [97, 25]},
						{"origin": [23, 1, -11], "size": [1, 4, 2], "uv": [0, 17]}
					]
				},
				{
					"name": "middlefront4",
					"parent": "all4",
					"pivot": [42, 7, 0],
					"cubes": [
						{"origin": [11, -3, -16], "size": [4, 2, 4], "uv": [25, 93]},
						{"origin": [11, -3, -17], "size": [4, 2, 1], "uv": [148, 39]},
						{"origin": [11, -3, -12], "size": [4, 2, 1], "uv": [90, 147]},
						{"origin": [15, -3, -16], "size": [1, 2, 4], "uv": [14, 42]},
						{"origin": [10, -3, -16], "size": [1, 2, 4], "uv": [14, 17]}
					]
				},
				{
					"name": "middleback4",
					"parent": "all4",
					"pivot": [42, 7, 0],
					"cubes": [
						{"origin": [19, -3, -16], "size": [4, 2, 4], "uv": [43, 91]},
						{"origin": [23, -3, -16], "size": [1, 2, 4], "uv": [92, 133]},
						{"origin": [19, -3, -17], "size": [4, 2, 1], "uv": [148, 57]},
						{"origin": [19, -3, -12], "size": [4, 2, 1], "uv": [148, 42]},
						{"origin": [18, -3, -16], "size": [1, 2, 4], "uv": [28, 131]}
					]
				},
				{
					"name": "bottomfront4",
					"parent": "all4",
					"pivot": [42, 7, 0],
					"cubes": [
						{"origin": [11, -8, -11], "size": [3, 3, 2], "uv": [139, 140]},
						{"origin": [11, -9, -11], "size": [3, 1, 2], "uv": [149, 134]},
						{"origin": [11, -5, -11], "size": [3, 1, 2], "uv": [149, 131]},
						{"origin": [10, -8, -11], "size": [1, 3, 2], "uv": [9, 113]},
						{"origin": [14, -8, -11], "size": [1, 3, 2], "uv": [80, 85]}
					]
				},
				{
					"name": "bottomback4",
					"parent": "all4",
					"pivot": [42, 7, 0],
					"cubes": [
						{"origin": [20, -8, -11], "size": [3, 3, 2], "uv": [90, 139]},
						{"origin": [23, -8, -11], "size": [1, 3, 2], "uv": [64, 25]},
						{"origin": [19, -8, -11], "size": [1, 3, 2], "uv": [18, 25]},
						{"origin": [20, -5, -11], "size": [3, 1, 2], "uv": [98, 149]},
						{"origin": [20, -9, -11], "size": [3, 1, 2], "uv": [149, 25]}
					]
				},
				{
					"name": "supports4",
					"parent": "wheel4",
					"pivot": [42, 7, 0],
					"cubes": [
						{"origin": [20, 2, -12], "size": [1, 2, 1], "uv": [66, 38]},
						{"origin": [14, 2, -12], "size": [6, 1, 1], "uv": [138, 67]},
						{"origin": [12, -1, -13], "size": [10, 1, 1], "uv": [46, 45]},
						{"origin": [13, -1, -14], "size": [8, 1, 1], "uv": [114, 47]},
						{"origin": [14, -1, -15], "size": [6, 1, 1], "uv": [120, 73]},
						{"origin": [16.5, -3, -15], "size": [1, 2, 1], "uv": [5, 0]},
						{"origin": [16, -11, -12], "size": [2, 1, 1], "uv": [11, 7]},
						{"origin": [15, -10, -12], "size": [4, 1, 1], "uv": [11, 72]},
						{"origin": [14, -9, -12], "size": [6, 1, 1], "uv": [138, 65]},
						{"origin": [12, -7, -12], "size": [10, 1, 1], "uv": [46, 41]},
						{"origin": [13, -8, -12], "size": [8, 1, 1], "uv": [12, 131]},
						{"origin": [12, -4, -13], "size": [10, 1, 1], "uv": [46, 43]},
						{"origin": [13, -4, -14], "size": [8, 1, 1], "uv": [98, 66]},
						{"origin": [14, -4, -15], "size": [6, 1, 1], "uv": [32, 119]},
						{"origin": [16, -6, -12], "size": [2, 3, 1], "uv": [25, 105]},
						{"origin": [16, -1, -12], "size": [2, 3, 1], "uv": [25, 105]},
						{"origin": [13, 2, -12], "size": [1, 2, 1], "uv": [5, 70]},
						{"origin": [13, 4, -12], "size": [8, 1, 1], "uv": [131, 59]},
						{"origin": [15, 5, -12], "size": [4, 2, 1], "uv": [149, 140]},
						{"origin": [17, -9, -12], "size": [5, 1, 1], "pivot": [20.5, -8.5, -11.5], "rotation": [0, 0, -45], "uv": [146, 76]},
						{"origin": [14, -14, -12], "size": [5, 1, 1], "pivot": [20.5, -8.5, -11.5], "rotation": [0, 0, 45], "uv": [146, 47]}
					]
				},
				{
					"name": "seats",
					"parent": "Whole",
					"pivot": [-1, 7, 0]
				},
				{
					"name": "seat4",
					"parent": "seats",
					"pivot": [18, 7, -11],
					"cubes": [
						{"origin": [10, 13, -11], "size": [7, 2, 7], "uv": [118, 2]},
						{"origin": [17, 12, -11], "size": [1, 13, 7], "pivot": [17.5, 18.5, -7.5], "rotation": [0, 0, 10], "uv": [88, 25]},
						{"origin": [-3.9, -1, -12], "size": [14, 1, 1], "pivot": [-6, 18.5, 8.5], "rotation": [0, 0, -60], "uv": [38, 69]},
						{"origin": [-3.9, -1, -4], "size": [14, 1, 1], "pivot": [-6, 18.5, 8.5], "rotation": [0, 0, -60], "uv": [38, 69]},
						{"origin": [11, 6, -4], "size": [1, 5, 1], "pivot": [-5.5, 17, -12.5], "rotation": [0, 0, -30], "uv": [0, 50]},
						{"origin": [11, 6, -12], "size": [1, 5, 1], "pivot": [-5.5, 17, -12.5], "rotation": [0, 0, -30], "uv": [0, 50]},
						{"origin": [11, 12, -4], "size": [6, 1, 1], "pivot": [-4.5, 19.5, -3.5], "rotation": [0, 0, -25], "uv": [134, 45]},
						{"origin": [11, 12, -12], "size": [6, 1, 1], "pivot": [-4.5, 19.5, -3.5], "rotation": [0, 0, -25], "uv": [134, 45]},
						{"origin": [18, 23, -12], "size": [1, 1, 9], "uv": [62, 85]},
						{"origin": [0, 10, -10], "size": [2, 7, 5], "uv": [0, 113]},
						{"origin": [18, 13, -12], "size": [1, 7, 9], "uv": [46, 25]},
						{"origin": [18, 28, -10], "size": [1, 2, 5], "uv": [11, 25]},
						{"origin": [18, 24.8, -6], "size": [1, 3.2, 1], "uv": [11, 0]},
						{"origin": [18, 24.8, -10], "size": [1, 3.2, 1], "uv": [11, 0]},
						{"origin": [18, 27, -5], "size": [1, 3, 1], "uv": [75, 51]},
						{"origin": [18, 27, -11], "size": [1, 3, 1], "uv": [66, 34]}
					]
				},
				{
					"name": "bar4",
					"parent": "seat4",
					"pivot": [18, 9, -11],
					"cubes": [
						{"origin": [2, 10, -8], "size": [1, 11, 1], "uv": [20, 7]},
						{"origin": [2, 21, -11], "size": [2, 2, 7], "uv": [119, 127]}
					]
				},
				{
					"name": "seat3",
					"parent": "seats",
					"pivot": [18, 7, 0],
					"cubes": [
						{"origin": [10, 13, 0], "size": [7, 2, 7], "uv": [94, 116]},
						{"origin": [11, 6, -1], "size": [1, 5, 1], "pivot": [-5.5, 17, -12.5], "rotation": [0, 0, -30], "uv": [0, 50]},
						{"origin": [18, 13, -1], "size": [1, 7, 9], "uv": [0, 65]},
						{"origin": [0, 10, 1], "size": [2, 7, 5], "uv": [52, 110]},
						{"origin": [18, 28, 1], "size": [1, 2, 5], "uv": [57, 25]},
						{"origin": [18, 24.8, 1], "size": [1, 3.2, 1], "uv": [11, 0]},
						{"origin": [18, 24.8, 5], "size": [1, 3.2, 1], "uv": [11, 0]},
						{"origin": [17, 12, 0], "size": [1, 13, 7], "pivot": [17.5, 18.5, 3.5], "rotation": [0, 0, 10], "uv": [0, 91]},
						{"origin": [11, 12, -1], "size": [6, 1, 1], "pivot": [-4.5, 19.5, -3.5], "rotation": [0, 0, -25], "uv": [134, 45]},
						{"origin": [-3.9, -1, -1], "size": [14, 1, 1], "pivot": [-6, 18.5, 8.5], "rotation": [0, 0, -60], "uv": [38, 69]},
						{"origin": [-3.9, -1, 7], "size": [14, 1, 1], "pivot": [-6, 18.5, 8.5], "rotation": [0, 0, -60], "uv": [38, 69]},
						{"origin": [11, 6, 7], "size": [1, 5, 1], "pivot": [-5.5, 17, -12.5], "rotation": [0, 0, -30], "uv": [0, 50]},
						{"origin": [11, 12, 7], "size": [6, 1, 1], "pivot": [-4.5, 19.5, -3.5], "rotation": [0, 0, -25], "uv": [134, 45]},
						{"origin": [18, 23, -1], "size": [1, 1, 9], "uv": [88, 95]},
						{"origin": [18, 27, 6], "size": [1, 3, 1], "uv": [75, 65]},
						{"origin": [18, 27, 0], "size": [1, 3, 1], "uv": [75, 58]}
					]
				},
				{
					"name": "bar3",
					"parent": "seat3",
					"pivot": [18, 9, 0],
					"cubes": [
						{"origin": [2, 10, 3], "size": [1, 11, 1], "uv": [20, 32]},
						{"origin": [2, 21, 0], "size": [2, 2, 7], "uv": [120, 59]}
					]
				},
				{
					"name": "seat2",
					"parent": "seats",
					"pivot": [-1, 7, 0],
					"cubes": [
						{"origin": [-9, 11, -11], "size": [7, 2, 7], "uv": [120, 50]},
						{"origin": [-2, 10, -11], "size": [1, 13, 7], "pivot": [-1.5, 16.5, -7.5], "rotation": [0, 0, 10], "uv": [94, 2]},
						{"origin": [-7, 14, -4], "size": [1, 4, 1], "pivot": [-5.5, 17, -12.5], "rotation": [0, 0, -30], "uv": [11, 25]},
						{"origin": [-14.9, 15, -4], "size": [14, 1, 1], "pivot": [-6, 18.5, 8.5], "rotation": [0, 0, -60], "uv": [38, 69]},
						{"origin": [-12.06642, 14.39823, -12], "size": [14, 1, 1], "pivot": [-5.06642, 15.89823, -11.5], "rotation": [0, 0, -60], "uv": [38, 71]},
						{"origin": [-1, 26, -10], "size": [1, 2, 5], "uv": [68, 65]},
						{"origin": [-1, 21, -12], "size": [1, 1, 9], "uv": [21, 113]},
						{"origin": [-1, 25, -5], "size": [1, 3, 1], "uv": [19, 0]},
						{"origin": [-1, 25, -11], "size": [1, 3, 1], "uv": [14, 17]},
						{"origin": [-1, 10, -12], "size": [1, 8, 9], "uv": [0, 0]},
						{"origin": [-1, 22.8, -10], "size": [1, 3.2, 1], "uv": [11, 0]},
						{"origin": [-1, 22.8, -6], "size": [1, 3.2, 1], "uv": [11, 0]},
						{"origin": [-16, 8, -10], "size": [2, 7, 5], "uv": [114, 23]},
						{"origin": [-8, 18, -12], "size": [6, 1, 1], "pivot": [-5, 19.5, -11.5], "rotation": [0, 0, -25], "uv": [136, 20]},
						{"origin": [-8, 18, -4], "size": [6, 1, 1], "pivot": [-4.5, 19.5, -3.5], "rotation": [0, 0, -25], "uv": [134, 45]},
						{"origin": [-7, 14, -12], "size": [1, 4, 1], "pivot": [-5.5, 17, -12.5], "rotation": [0, 0, -30], "uv": [57, 25]}
					]
				},
				{
					"name": "bar2",
					"parent": "seat2",
					"pivot": [-1, 7, -11],
					"cubes": [
						{"origin": [-14, 8, -8], "size": [1, 11, 1], "uv": [16, 97]},
						{"origin": [-14, 19, -11], "size": [2, 2, 7], "uv": [128, 113]}
					]
				},
				{
					"name": "seat1",
					"parent": "seats",
					"pivot": [-1, 7, 0],
					"cubes": [
						{"origin": [-9, 11, 0], "size": [7, 2, 7], "uv": [118, 11]},
						{"origin": [-2, 10, 0], "size": [1, 13, 7], "pivot": [-1.5, 16.5, 3.5], "rotation": [0, 0, 10], "uv": [103, 126]},
						{"origin": [-14.9, 15, -1], "size": [14, 1, 1], "pivot": [-6, 18.5, 8.5], "rotation": [0, 0, -60], "uv": [38, 69]},
						{"origin": [-14.9, 15, 7], "size": [14, 1, 1], "pivot": [-6, 18.5, 8.5], "rotation": [0, 0, -60], "uv": [38, 69]},
						{"origin": [-8, 18, -1], "size": [6, 1, 1], "pivot": [-4.5, 19.5, -3.5], "rotation": [0, 0, -25], "uv": [134, 45]},
						{"origin": [-8, 18, 7], "size": [6, 1, 1], "pivot": [-4.5, 19.5, -3.5], "rotation": [0, 0, -25], "uv": [134, 45]},
						{"origin": [-7, 14, -1], "size": [1, 4, 1], "pivot": [-5.5, 17, -12.5], "rotation": [0, 0, -30], "uv": [11, 25]},
						{"origin": [-7, 14, 7], "size": [1, 4, 1], "pivot": [-5.5, 17, -12.5], "rotation": [0, 0, -30], "uv": [11, 25]},
						{"origin": [-1, 21, -1], "size": [1, 1, 9], "uv": [25, 100]},
						{"origin": [-1, 26, 1], "size": [1, 2, 5], "uv": [73, 85]},
						{"origin": [-1, 22.8, 1], "size": [1, 3.2, 1], "uv": [11, 0]},
						{"origin": [-1, 22.8, 5], "size": [1, 3.2, 1], "uv": [11, 0]},
						{"origin": [-1, 25, 6], "size": [1, 3, 1], "uv": [0, 58]},
						{"origin": [-1, 25, 0], "size": [1, 3, 1], "uv": [14, 42]},
						{"origin": [-1, 10, -1], "size": [1, 8, 9], "uv": [0, 25]},
						{"origin": [-16, 8, 1], "size": [2, 7, 5], "uv": [74, 115]}
					]
				},
				{
					"name": "bar1",
					"parent": "seat1",
					"pivot": [-1, 7, 0],
					"cubes": [
						{"origin": [-14, 19, 0], "size": [2, 2, 7], "uv": [31, 130]},
						{"origin": [-14, 8, 3], "size": [1, 11, 1], "uv": [104, 31]}
					]
				},
				{
					"name": "cart",
					"parent": "Whole",
					"pivot": [-1, 7, 0]
				},
				{
					"name": "head",
					"parent": "cart",
					"pivot": [-1, 7, 0],
					"cubes": [
						{"origin": [-17, 7, -14], "size": [1, 10, 24], "uv": [36, 75]},
						{"origin": [-26, 11, 9], "size": [9, 1, 1], "uv": [88, 107]},
						{"origin": [-33, 6, -3.5], "size": [1, 3, 3], "uv": [0, 0]},
						{"origin": [-26, 12, 9], "size": [9, 1, 1], "uv": [62, 95]},
						{"origin": [-26, 11, -14], "size": [9, 1, 1], "uv": [88, 105]},
						{"origin": [-16, 16, -12], "size": [1, 1, 1], "uv": [4, 65]},
						{"origin": [-26, 12, -14], "size": [9, 1, 1], "uv": [62, 97]},
						{"origin": [-23.5, 13, 9], "size": [6.5, 1, 1], "uv": [139, 113]},
						{"origin": [-16, 16, 7], "size": [1, 1, 1], "uv": [50, 25]},
						{"origin": [-23.5, 13, -14], "size": [6.5, 1, 1], "uv": [30, 139]},
						{"origin": [-27.09835, 13.99719, -14], "size": [11, 1, 24], "pivot": [-21.59835, 14.49719, -2], "rotation": [0, 0, -22.5], "uv": [0, 25]},
						{"origin": [-21.5, 14, -14], "size": [4.5, 1, 1], "uv": [149, 63]},
						{"origin": [-34, 6.5, -3], "size": [1, 2, 2], "uv": [106, 41]},
						{"origin": [-26, 9, -14], "size": [9, 1, 24], "uv": [46, 26]},
						{"origin": [-21.5, 14, 9], "size": [4.5, 1, 1], "uv": [149, 49]},
						{"origin": [-19.5, 15, 9], "size": [2.5, 1, 1], "uv": [98, 57]},
						{"origin": [-26, 10, 9], "size": [9, 1, 1], "uv": [114, 45]},
						{"origin": [-15, 16, -14], "size": [1, 1, 24], "uv": [88, 25]},
						{"origin": [-19.5, 15, -14], "size": [2.5, 1, 1], "uv": [37, 95]},
						{"origin": [-26, 10, -14], "size": [9, 1, 1], "uv": [25, 110]},
						{"origin": [-28, 9, -12.7], "size": [2, 1, 21.7], "uv": [0, 91]},
						{"origin": [-30, 9, -12], "size": [2, 1, 19.7], "uv": [93, 96]},
						{"origin": [-32, 9, -10.5], "size": [2, 1, 17.5], "uv": [0, 113]},
						{"origin": [-30, 10.7, -12], "size": [2.2, 1, 20], "pivot": [-30.5, 14.5, 8.5], "rotation": [0, 0, -22.5], "uv": [94, 2]},
						{"origin": [-32, 10.7, -11], "size": [2, 1, 18.5], "pivot": [-30.5, 14.5, 8.5], "rotation": [0, 0, -22.5], "uv": [98, 50]},
						{"origin": [-34, 10.7, -10], "size": [2, 1, 16], "pivot": [-30.5, 14.5, 8.5], "rotation": [0, 0, -22.5], "uv": [74, 116]},
						{"origin": [-32, 9, 6], "size": [4, 2.5, 1], "pivot": [-31, 10.5, 4.5], "rotation": [0, -30, 0], "uv": [0, 147]},
						{"origin": [-25, 9, -9], "size": [4, 2.5, 1], "pivot": [-31, 10.5, 4.5], "rotation": [0, 30, 0], "uv": [101, 146]},
						{"origin": [-29.66987, 9, 8], "size": [4, 3.5, 1], "pivot": [-27.66987, 10, 8.73205], "rotation": [0, -15, 0], "uv": [51, 146]},
						{"origin": [-23.66987, 9, -12], "size": [4, 3.5, 1], "pivot": [-27.66987, 10, 8.73205], "rotation": [0, 15, 0], "uv": [20, 146]},
						{"origin": [-33, 9, -10], "size": [1, 2, 16], "uv": [116, 95]}
					]
				},
				{
					"name": "body",
					"parent": "cart",
					"pivot": [-1, 7, 0]
				},
				{
					"name": "firstrowpad",
					"parent": "body",
					"pivot": [-1, 7, 0],
					"cubes": [
						{"origin": [-9, 8, -13], "size": [9, 2, 22], "uv": [58, 51]}
					]
				},
				{
					"name": "mainbody",
					"parent": "body",
					"pivot": [-1, 7, 0],
					"cubes": [
						{"origin": [-17, 7, -14], "size": [35, 1, 24], "uv": [0, 0]},
						{"origin": [-17, 8, -14], "size": [35, 1, 1], "uv": [88, 85]},
						{"origin": [18, 7, -14], "size": [1, 6, 24], "uv": [62, 85]},
						{"origin": [-17, 8, 9], "size": [35, 1, 1], "uv": [88, 87]},
						{"origin": [-6, 9, -14], "size": [24, 1, 1], "uv": [98, 71]},
						{"origin": [-6, 9, 9], "size": [24, 1, 1], "uv": [98, 69]},
						{"origin": [2, 10, -14], "size": [16, 1, 1], "uv": [38, 67]},
						{"origin": [2, 10, 9], "size": [16, 1, 1], "uv": [38, 65]},
						{"origin": [10, 11, -14], "size": [8, 1, 1], "uv": [130, 79]},
						{"origin": [10, 11, 9], "size": [8, 1, 1], "uv": [128, 124]},
						{"origin": [-17, 6, -14], "size": [36, 1, 1], "uv": [62, 83]},
						{"origin": [-17, 6, 9], "size": [36, 1, 1], "uv": [62, 81]},
						{"origin": [-13, 4, -14], "size": [32, 1, 1], "uv": [94, 0]},
						{"origin": [-13, 4, 9], "size": [32, 1, 1], "uv": [88, 93]},
						{"origin": [-15, 5, -14], "size": [34, 1, 1], "uv": [88, 91]},
						{"origin": [-15, 5, 9], "size": [34, 1, 1], "uv": [88, 89]},
						{"origin": [-17.04904, 5.04904, -14], "size": [5, 1, 1], "pivot": [-14.54904, 5.54904, -13.5], "rotation": [0, 0, 30], "uv": [73, 92]},
						{"origin": [-17.04904, 5.04904, 9], "size": [5, 1, 1], "pivot": [-14.54904, 5.54904, -13.5], "rotation": [0, 0, 30], "uv": [57, 32]}
					]
				},
				{
					"name": "leftpaddle",
					"parent": "body",
					"pivot": [-1, 7, 0],
					"cubes": [
						{"origin": [18, 12, -18], "size": [2, 1, 4], "uv": [74, 133]},
						{"origin": [20, 12, -17], "size": [1, 1, 3], "uv": [0, 29]},
						{"origin": [21, 12, -16], "size": [1, 1, 2], "uv": [62, 91]},
						{"origin": [22, 12, -15], "size": [1, 1, 1], "uv": [20, 44]},
						{"origin": [-17, 9, -18], "size": [35, 2, 5], "pivot": [0.5, 11.5, -16], "rotation": [0, 0, -7.5], "uv": [0, 58]},
						{"origin": [-3, 7, -9], "size": [5, 2, 1], "pivot": [-20.5, 8, 13.5], "rotation": [0, 40, 0], "uv": [139, 115]},
						{"origin": [-20, 7, -16], "size": [3, 2, 1], "uv": [0, 6]},
						{"origin": [-19, 7, -17], "size": [2, 2, 1], "uv": [88, 101]},
						{"origin": [-18, 7, -18], "size": [1, 2, 1], "uv": [5, 25]},
						{"origin": [-21, 7, -15], "size": [4, 2, 1], "uv": [40, 147]},
						{"origin": [19, 12, -17.5], "size": [6, 1, 1], "pivot": [21, 12.5, -18.5], "rotation": [0, -40, 0], "uv": [134, 97]}
					]
				},
				{
					"name": "rightpaddle",
					"parent": "body",
					"pivot": [-1, 7, 0],
					"cubes": [
						{"origin": [18, 12, 10], "size": [2, 1, 4], "uv": [66, 132]},
						{"origin": [-2, 12, 4.5], "size": [6, 1, 1], "pivot": [21, 12.5, -18.5], "rotation": [0, 40, 0], "uv": [134, 95]},
						{"origin": [20, 12, 10], "size": [1, 1, 3], "uv": [0, 25]},
						{"origin": [22, 12, 10], "size": [1, 1, 1], "uv": [20, 19]},
						{"origin": [-17, 9, 9], "size": [35, 2, 5], "pivot": [0.5, 11.5, -16], "rotation": [0, 0, -7.5], "uv": [0, 51]},
						{"origin": [21, 12, 10], "size": [1, 1, 2], "uv": [0, 71]},
						{"origin": [-21, 7, 10], "size": [4, 2, 1], "uv": [80, 147]},
						{"origin": [-20, 7, 11], "size": [3, 2, 1], "uv": [46, 31]},
						{"origin": [-19, 7, 12], "size": [2, 2, 1], "uv": [21, 119]},
						{"origin": [-18, 7, 13], "size": [1, 2, 1], "uv": [5, 29]},
						{"origin": [-23, 7, 11.5], "size": [5, 2, 1], "pivot": [-20.5, 8, 13.5], "rotation": [0, -40, 0], "uv": [129, 139]}
					]
				},
				{
					"name": "backboard",
					"parent": "body",
					"pivot": [-1, 7, 0],
					"cubes": [
						{"origin": [19, 15, -12], "size": [4, 1, 2], "uv": [145, 120]},
						{"origin": [19, 16, 6], "size": [4, 1, 2], "uv": [144, 108]},
						{"origin": [19, 13, 6], "size": [4, 1, 4], "uv": [0, 131]},
						{"origin": [19, 15, 6], "size": [4, 1, 2], "uv": [139, 145]},
						{"origin": [19, 14, 6], "size": [4, 1, 3], "uv": [116, 107]},
						{"origin": [19, 13, -14], "size": [4, 1, 4], "uv": [0, 125]},
						{"origin": [19, 14, -13], "size": [4, 1, 3], "uv": [114, 35]},
						{"origin": [19, 16, -13.2], "size": [4, 6, 1], "pivot": [20.5, 17, -17.5], "rotation": [-40, 0, 0], "uv": [103, 2]},
						{"origin": [19, 18.7, -11.20061], "size": [4, 1, 6], "pivot": [21, 18.89417, -6.20061], "rotation": [20, 0, 0], "uv": [0, 42]},
						{"origin": [19, 15.6381, 6.95524], "size": [4, 6, 1], "pivot": [20.5, 18.6381, 12.45524], "rotation": [40, 0, 0], "uv": [11, 65]},
						{"origin": [19, 18.67192, 1.19093], "size": [4, 1, 6], "pivot": [21, 19.17192, 2.19093], "rotation": [-20, 0, 0], "uv": [0, 17]},
						{"origin": [20, 18, -7], "size": [3, 1, 10], "uv": [112, 116]},
						{"origin": [20, 19, -6], "size": [3, 1, 8], "uv": [38, 73]},
						{"origin": [19, 12, -10], "size": [3, 5, 16], "uv": [30, 109]},
						{"origin": [22, 11, -10], "size": [1, 6, 16], "uv": [114, 23]},
						{"origin": [20, 17, -10], "size": [3, 1, 16], "uv": [52, 115]},
						{"origin": [19, 16, -12], "size": [4, 1, 2], "uv": [117, 145]}
					]
				},
				{
					"name": "secondrowpad",
					"parent": "body",
					"pivot": [-1, 7, 0],
					"cubes": [
						{"origin": [10, 8, -13], "size": [8, 4, 22], "uv": [0, 65]}
					]
				},
				{
					"name": "bladeleft",
					"parent": "body",
					"pivot": [-1, 7, 0],
					"cubes": [
						{"origin": [-15, 5, 10], "size": [34, 0, 3], "uv": [59, 78]}
					]
				},
				{
					"name": "bladeright",
					"parent": "body",
					"pivot": [-1, 7, -27],
					"cubes": [
						{"origin": [-15, 5, -17], "size": [34, 0, 3], "uv": [59, 75]}
					]
				},
				{
					"name": "hook",
					"parent": "body",
					"pivot": [-1, 7, 0],
					"cubes": [
						{"origin": [18, 6, -6], "size": [1, 1, 8], "uv": [98, 51]},
						{"origin": [20, 2, -5], "size": [5, 2, 1], "pivot": [24.5, 6.5, -4.5], "rotation": [0, 0, 35], "uv": [99, 101]},
						{"origin": [23, 2, -4], "size": [2, 2, 4], "pivot": [24.5, 6.5, -4.5], "rotation": [0, 0, 35], "uv": [9, 91]},
						{"origin": [26, 1, -4], "size": [2, 3, 4], "uv": [11, 0]},
						{"origin": [20, 2, 0], "size": [5, 2, 1], "pivot": [24.5, 6.5, -4.5], "rotation": [0, 0, 35], "uv": [99, 101]},
						{"origin": [22, 1, 0], "size": [5, 3, 1], "uv": [74, 127]},
						{"origin": [22, 1, -5], "size": [5, 3, 1], "uv": [74, 127]}
					]
				}
			]
		}
	]
}