{
	"format_version": "1.12.0",
	"minecraft:geometry": [
		{
			"description": {
				"identifier": "geometry.#rbody",
				"texture_width": 256,
				"texture_height": 256,
				"visible_bounds_width": 6,
				"visible_bounds_height": 4,
				"visible_bounds_offset": [0, 1, 0]
			},
			"bones": [
				{
					"name": "Whole",
					"pivot": [-1, 7, 0],
					"rotation": [-180, -90, 180]
				},
				{
					"name": "wheels",
					"parent": "Whole",
					"pivot": [-1, 7, 0]
				},
				{
					"name": "wheel3",
					"parent": "wheels",
					"pivot": [42, 7, 0]
				},
				{
					"name": "all3",
					"parent": "wheel3",
					"pivot": [42, 7, 0]
				},
				{
					"name": "upperfront3",
					"parent": "all3",
					"pivot": [42, 7, 35],
					"cubes": [
						{"origin": [11, 1, 5], "size": [4, 4, 2], "uv": [128, 29]},
						{"origin": [10, 1, 5], "size": [1, 4, 2], "uv": [0, 79]},
						{"origin": [15, 1, 5], "size": [1, 4, 2], "uv": [71, 76]},
						{"origin": [11, 5, 5], "size": [4, 1, 2], "uv": [46, 131]},
						{"origin": [11, 0, 5], "size": [4, 1, 2], "uv": [34, 131]}
					]
				},
				{
					"name": "upperback3",
					"parent": "all3",
					"pivot": [50, 7, 0],
					"cubes": [
						{"origin": [19, 1, 5], "size": [4, 4, 2], "uv": [128, 16]},
						{"origin": [19, 5, 5], "size": [4, 1, 2], "uv": [22, 131]},
						{"origin": [19, 0, 5], "size": [4, 1, 2], "uv": [131, 12]},
						{"origin": [23, 1, 5], "size": [1, 4, 2], "uv": [60, 76]},
						{"origin": [18, 1, 5], "size": [1, 4, 2], "uv": [70, 67]}
					]
				},
				{
					"name": "middlefront3",
					"parent": "all3",
					"pivot": [42, 7, 19],
					"cubes": [
						{"origin": [11, -3, 8], "size": [4, 2, 4], "uv": [121, 23]},
						{"origin": [11, -3, 12], "size": [4, 2, 1], "uv": [115, 132]},
						{"origin": [11, -3, 7], "size": [4, 2, 1], "uv": [132, 60]},
						{"origin": [10, -3, 8], "size": [1, 2, 4], "uv": [24, 125]},
						{"origin": [15, -3, 8], "size": [1, 2, 4], "uv": [12, 109]}
					]
				},
				{
					"name": "middleback3",
					"parent": "all3",
					"pivot": [49, 7, 19],
					"cubes": [
						{"origin": [19, -3, 8], "size": [4, 2, 4], "uv": [29, 116]},
						{"origin": [23, -3, 8], "size": [1, 2, 4], "uv": [93, 97]},
						{"origin": [18, -3, 8], "size": [1, 2, 4], "uv": [69, 97]},
						{"origin": [19, -3, 12], "size": [4, 2, 1], "uv": [132, 54]},
						{"origin": [19, -3, 7], "size": [4, 2, 1], "uv": [132, 57]}
					]
				},
				{
					"name": "bottomfront3",
					"parent": "all3",
					"pivot": [42, 7, 16],
					"cubes": [
						{"origin": [11, -8, 5], "size": [3, 3, 2], "uv": [12, 131]},
						{"origin": [10, -8, 5], "size": [1, 3, 2], "uv": [48, 98]},
						{"origin": [14, -8, 5], "size": [1, 3, 2], "uv": [82, 97]},
						{"origin": [11, -5, 5], "size": [3, 1, 2], "uv": [40, 134]},
						{"origin": [11, -9, 5], "size": [3, 1, 2], "uv": [30, 134]}
					]
				},
				{
					"name": "bottomback3",
					"parent": "all3",
					"pivot": [42, 7, 0],
					"cubes": [
						{"origin": [20, -8, 5], "size": [3, 3, 2], "uv": [105, 130]},
						{"origin": [19, -8, 5], "size": [1, 3, 2], "uv": [94, 10]},
						{"origin": [23, -8, 5], "size": [1, 3, 2], "uv": [48, 93]},
						{"origin": [20, -9, 5], "size": [3, 1, 2], "uv": [20, 134]},
						{"origin": [20, -5, 5], "size": [3, 1, 2], "uv": [133, 133]}
					]
				},
				{
					"name": "supports3",
					"parent": "wheel3",
					"pivot": [42, 7, 0],
					"cubes": [
						{"origin": [15, -10, 7], "size": [4, 1, 1], "uv": [51, 48]},
						{"origin": [16, -11, 7], "size": [2, 1, 1], "uv": [11, 7]},
						{"origin": [14, -9, 7], "size": [6, 1, 1], "uv": [127, 10]},
						{"origin": [14, -14, 7], "size": [5, 1, 1], "pivot": [20.5, -8.5, -11.5], "rotation": [0, 0, 45], "uv": [131, 101]},
						{"origin": [17, -9, 7], "size": [5, 1, 1], "pivot": [20.5, -8.5, -11.5], "rotation": [0, 0, -45], "uv": [132, 48]},
						{"origin": [13, -8, 7], "size": [8, 1, 1], "uv": [82, 107]},
						{"origin": [12, -7, 7], "size": [10, 1, 1], "uv": [78, 41]},
						{"origin": [12, -1, 8], "size": [10, 1, 1], "uv": [75, 34]},
						{"origin": [14, -1, 10], "size": [6, 1, 1], "uv": [123, 106]},
						{"origin": [16.5, -3, 10], "size": [1, 2, 1], "uv": [5, 43]},
						{"origin": [13, -4, 9], "size": [8, 1, 1], "uv": [78, 43]},
						{"origin": [13, -1, 9], "size": [8, 1, 1], "uv": [78, 43]},
						{"origin": [14, -4, 10], "size": [6, 1, 1], "uv": [82, 110]},
						{"origin": [12, -4, 8], "size": [10, 1, 1], "uv": [40, 59]},
						{"origin": [16, -6, 7], "size": [2, 3, 1], "uv": [98, 87]},
						{"origin": [16, -1, 7], "size": [2, 3, 1], "uv": [98, 87]},
						{"origin": [13, 2, 7], "size": [1, 2, 1], "uv": [9, 93]},
						{"origin": [20, 2, 7], "size": [1, 2, 1], "uv": [89, 25]},
						{"origin": [14, 2, 7], "size": [6, 1, 1], "uv": [126, 45]},
						{"origin": [15, 5, 7], "size": [4, 2, 1], "uv": [0, 134]},
						{"origin": [13, 4, 7], "size": [8, 1, 1], "uv": [80, 89]}
					]
				},
				{
					"name": "wheel4",
					"parent": "wheels",
					"pivot": [42, 7, 0]
				},
				{
					"name": "all4",
					"parent": "wheel4",
					"pivot": [42, 7, 0]
				},
				{
					"name": "upperfront4",
					"parent": "all4",
					"pivot": [42, 7, 0],
					"cubes": [
						{"origin": [10, 1, -11], "size": [1, 4, 2], "uv": [60, 67]},
						{"origin": [15, 1, -11], "size": [1, 4, 2], "uv": [30, 63]},
						{"origin": [11, 5, -11], "size": [4, 1, 2], "uv": [0, 131]},
						{"origin": [11, 0, -11], "size": [4, 1, 2], "uv": [93, 130]},
						{"origin": [11, 1, -11], "size": [4, 4, 2], "uv": [125, 110]}
					]
				},
				{
					"name": "upperback4",
					"parent": "all4",
					"pivot": [42, 7, 0],
					"cubes": [
						{"origin": [18, 1, -11], "size": [1, 4, 2], "uv": [0, 63]},
						{"origin": [19, 5, -11], "size": [4, 1, 2], "uv": [130, 67]},
						{"origin": [19, 0, -11], "size": [4, 1, 2], "uv": [130, 38]},
						{"origin": [19, 1, -11], "size": [4, 4, 2], "uv": [50, 125]},
						{"origin": [23, 1, -11], "size": [1, 4, 2], "uv": [0, 17]}
					]
				},
				{
					"name": "middlefront4",
					"parent": "all4",
					"pivot": [42, 7, 0],
					"cubes": [
						{"origin": [11, -3, -16], "size": [4, 2, 4], "uv": [115, 10]},
						{"origin": [11, -3, -17], "size": [4, 2, 1], "uv": [90, 38]},
						{"origin": [11, -3, -12], "size": [4, 2, 1], "uv": [78, 54]},
						{"origin": [15, -3, -16], "size": [1, 2, 4], "uv": [14, 79]},
						{"origin": [10, -3, -16], "size": [1, 2, 4], "uv": [78, 48]}
					]
				},
				{
					"name": "middleback4",
					"parent": "all4",
					"pivot": [42, 7, 0],
					"cubes": [
						{"origin": [19, -3, -16], "size": [4, 2, 4], "uv": [107, 110]},
						{"origin": [23, -3, -16], "size": [1, 2, 4], "uv": [94, 48]},
						{"origin": [19, -3, -17], "size": [4, 2, 1], "uv": [93, 103]},
						{"origin": [19, -3, -12], "size": [4, 2, 1], "uv": [94, 54]},
						{"origin": [18, -3, -16], "size": [1, 2, 4], "uv": [89, 25]}
					]
				},
				{
					"name": "bottomfront4",
					"parent": "all4",
					"pivot": [42, 7, 0],
					"cubes": [
						{"origin": [11, -8, -11], "size": [3, 3, 2], "uv": [128, 127]},
						{"origin": [11, -9, -11], "size": [3, 1, 2], "uv": [70, 133]},
						{"origin": [11, -5, -11], "size": [3, 1, 2], "uv": [133, 22]},
						{"origin": [10, -8, -11], "size": [1, 3, 2], "uv": [35, 93]},
						{"origin": [14, -8, -11], "size": [1, 3, 2], "uv": [16, 93]}
					]
				},
				{
					"name": "bottomback4",
					"parent": "all4",
					"pivot": [42, 7, 0],
					"cubes": [
						{"origin": [20, -8, -11], "size": [3, 3, 2], "uv": [70, 128]},
						{"origin": [23, -8, -11], "size": [1, 3, 2], "uv": [0, 93]},
						{"origin": [19, -8, -11], "size": [1, 3, 2], "uv": [75, 25]},
						{"origin": [20, -5, -11], "size": [3, 1, 2], "uv": [125, 132]},
						{"origin": [20, -9, -11], "size": [3, 1, 2], "uv": [94, 110]}
					]
				},
				{
					"name": "supports4",
					"parent": "wheel4",
					"pivot": [42, 7, 0],
					"cubes": [
						{"origin": [20, 2, -12], "size": [1, 2, 1], "uv": [45, 45]},
						{"origin": [14, 2, -12], "size": [6, 1, 1], "uv": [125, 116]},
						{"origin": [12, -1, -13], "size": [10, 1, 1], "uv": [0, 58]},
						{"origin": [13, -1, -14], "size": [8, 1, 1], "uv": [78, 59]},
						{"origin": [14, -1, -15], "size": [6, 1, 1], "uv": [110, 62]},
						{"origin": [16.5, -3, -15], "size": [1, 2, 1], "uv": [5, 43]},
						{"origin": [16, -11, -12], "size": [2, 1, 1], "uv": [0, 7]},
						{"origin": [15, -10, -12], "size": [4, 1, 1], "uv": [11, 46]},
						{"origin": [14, -9, -12], "size": [6, 1, 1], "uv": [123, 122]},
						{"origin": [12, -7, -12], "size": [10, 1, 1], "uv": [0, 56]},
						{"origin": [13, -8, -12], "size": [8, 1, 1], "uv": [30, 83]},
						{"origin": [12, -4, -13], "size": [10, 1, 1], "uv": [40, 57]},
						{"origin": [13, -4, -14], "size": [8, 1, 1], "uv": [78, 45]},
						{"origin": [14, -4, -15], "size": [6, 1, 1], "uv": [110, 60]},
						{"origin": [16, -6, -12], "size": [2, 3, 1], "uv": [96, 59]},
						{"origin": [16, -1, -12], "size": [2, 3, 1], "uv": [96, 59]},
						{"origin": [13, 2, -12], "size": [1, 2, 1], "uv": [5, 68]},
						{"origin": [13, 4, -12], "size": [8, 1, 1], "uv": [80, 87]},
						{"origin": [15, 5, -12], "size": [4, 2, 1], "uv": [89, 133]},
						{"origin": [17, -9, -12], "size": [5, 1, 1], "pivot": [20.5, -8.5, -11.5], "rotation": [0, 0, -45], "uv": [132, 52]},
						{"origin": [14, -14, -12], "size": [5, 1, 1], "pivot": [20.5, -8.5, -11.5], "rotation": [0, 0, 45], "uv": [132, 50]}
					]
				},
				{
					"name": "seats",
					"parent": "Whole",
					"pivot": [-1, 7, 0]
				},
				{
					"name": "seat4",
					"parent": "seats",
					"pivot": [18, 7, -11],
					"cubes": [
						{"origin": [10, 13, -11], "size": [7, 2, 7], "uv": [48, 97]},
						{"origin": [17, 12, -11], "size": [1, 13, 7], "pivot": [17.5, 18.5, -7.5], "rotation": [0, 0, 10], "uv": [30, 63]},
						{"origin": [-3.9, -1, -12], "size": [14, 1, 1], "pivot": [-6, 18.5, 8.5], "rotation": [0, 0, -60], "uv": [48, 106]},
						{"origin": [-3.9, -1, -4], "size": [14, 1, 1], "pivot": [-6, 18.5, 8.5], "rotation": [0, 0, -60], "uv": [48, 106]},
						{"origin": [11, 6, -4], "size": [1, 5, 1], "pivot": [-5.5, 17, -12.5], "rotation": [0, 0, -30], "uv": [110, 87]},
						{"origin": [11, 6, -12], "size": [1, 5, 1], "pivot": [-5.5, 17, -12.5], "rotation": [0, 0, -30], "uv": [110, 87]},
						{"origin": [11, 12, -4], "size": [6, 1, 1], "pivot": [-4.5, 19.5, -3.5], "rotation": [0, 0, -25], "uv": [110, 105]},
						{"origin": [11, 12, -12], "size": [6, 1, 1], "pivot": [-4.5, 19.5, -3.5], "rotation": [0, 0, -25], "uv": [110, 105]},
						{"origin": [18, 23, -12], "size": [1, 1, 9], "uv": [82, 97]},
						{"origin": [0, 10, -10], "size": [2, 7, 5], "uv": [110, 48]},
						{"origin": [18, 13, -12], "size": [1, 7, 9], "uv": [40, 41]},
						{"origin": [18, 28, -10], "size": [1, 2, 5], "uv": [9, 93]},
						{"origin": [18, 24.8, -6], "size": [1, 3.2, 1], "uv": [14, 17]},
						{"origin": [18, 24.8, -10], "size": [1, 3.2, 1], "uv": [14, 17]},
						{"origin": [18, 27, -5], "size": [1, 3, 1], "uv": [80, 67]},
						{"origin": [18, 27, -11], "size": [1, 3, 1], "uv": [14, 79]}
					]
				},
				{
					"name": "bar4",
					"parent": "seat4",
					"pivot": [18, 9, -11],
					"cubes": [
						{"origin": [2, 10, -8], "size": [1, 11, 1], "uv": [20, 70]},
						{"origin": [2, 21, -11], "size": [2, 2, 7], "uv": [0, 116]}
					]
				},
				{
					"name": "seat3",
					"parent": "seats",
					"pivot": [18, 7, 0],
					"cubes": [
						{"origin": [10, 13, 0], "size": [7, 2, 7], "uv": [94, 10]},
						{"origin": [11, 6, -1], "size": [1, 5, 1], "pivot": [-5.5, 17, -12.5], "rotation": [0, 0, -30], "uv": [110, 87]},
						{"origin": [18, 13, -1], "size": [1, 7, 9], "uv": [0, 63]},
						{"origin": [0, 10, 1], "size": [2, 7, 5], "uv": [26, 93]},
						{"origin": [18, 28, 1], "size": [1, 2, 5], "uv": [31, 122]},
						{"origin": [18, 24.8, 1], "size": [1, 3.2, 1], "uv": [14, 17]},
						{"origin": [18, 24.8, 5], "size": [1, 3.2, 1], "uv": [14, 17]},
						{"origin": [17, 12, 0], "size": [1, 13, 7], "pivot": [17.5, 18.5, 3.5], "rotation": [0, 0, 10], "uv": [0, 93]},
						{"origin": [11, 12, -1], "size": [6, 1, 1], "pivot": [-4.5, 19.5, -3.5], "rotation": [0, 0, -25], "uv": [110, 105]},
						{"origin": [-3.9, -1, -1], "size": [14, 1, 1], "pivot": [-6, 18.5, 8.5], "rotation": [0, 0, -60], "uv": [48, 106]},
						{"origin": [-3.9, -1, 7], "size": [14, 1, 1], "pivot": [-6, 18.5, 8.5], "rotation": [0, 0, -60], "uv": [48, 106]},
						{"origin": [11, 6, 7], "size": [1, 5, 1], "pivot": [-5.5, 17, -12.5], "rotation": [0, 0, -30], "uv": [110, 87]},
						{"origin": [11, 12, 7], "size": [6, 1, 1], "pivot": [-4.5, 19.5, -3.5], "rotation": [0, 0, -25], "uv": [110, 105]},
						{"origin": [18, 23, -1], "size": [1, 1, 9], "uv": [39, 114]},
						{"origin": [18, 27, 6], "size": [1, 3, 1], "uv": [54, 86]},
						{"origin": [18, 27, 0], "size": [1, 3, 1], "uv": [84, 48]}
					]
				},
				{
					"name": "bar3",
					"parent": "seat3",
					"pivot": [18, 9, 0],
					"cubes": [
						{"origin": [2, 10, 3], "size": [1, 11, 1], "uv": [18, 100]},
						{"origin": [2, 21, 0], "size": [2, 2, 7], "uv": [60, 76]}
					]
				},
				{
					"name": "seat2",
					"parent": "seats",
					"pivot": [-1, 7, 0],
					"cubes": [
						{"origin": [-9, 11, -11], "size": [7, 2, 7], "uv": [110, 96]},
						{"origin": [-2, 10, -11], "size": [1, 13, 7], "pivot": [-1.5, 16.5, -7.5], "rotation": [0, 0, 10], "uv": [98, 110]},
						{"origin": [-7, 14, -4], "size": [1, 4, 1], "pivot": [-5.5, 17, -12.5], "rotation": [0, 0, -30], "uv": [20, 16]},
						{"origin": [-14.9, 15, -4], "size": [14, 1, 1], "pivot": [-6, 18.5, 8.5], "rotation": [0, 0, -60], "uv": [48, 106]},
						{"origin": [-12.06642, 14.39823, -12], "size": [14, 1, 1], "pivot": [-5.06642, 15.89823, -11.5], "rotation": [0, 0, -60], "uv": [110, 65]},
						{"origin": [-1, 26, -10], "size": [1, 2, 5], "uv": [123, 38]},
						{"origin": [-1, 21, -12], "size": [1, 1, 9], "uv": [50, 115]},
						{"origin": [-1, 25, -5], "size": [1, 3, 1], "uv": [11, 63]},
						{"origin": [-1, 25, -11], "size": [1, 3, 1], "uv": [0, 32]},
						{"origin": [-1, 10, -12], "size": [1, 8, 9], "uv": [0, 0]},
						{"origin": [-1, 22.8, -10], "size": [1, 3.2, 1], "uv": [14, 17]},
						{"origin": [-1, 22.8, -6], "size": [1, 3.2, 1], "uv": [14, 17]},
						{"origin": [-16, 8, -10], "size": [2, 7, 5], "uv": [81, 119]},
						{"origin": [-8, 18, -12], "size": [6, 1, 1], "pivot": [-5, 19.5, -11.5], "rotation": [0, 0, -25], "uv": [123, 120]},
						{"origin": [-8, 18, -4], "size": [6, 1, 1], "pivot": [-4.5, 19.5, -3.5], "rotation": [0, 0, -25], "uv": [110, 105]},
						{"origin": [-7, 14, -12], "size": [1, 4, 1], "pivot": [-5.5, 17, -12.5], "rotation": [0, 0, -30], "uv": [0, 25]}
					]
				},
				{
					"name": "bar2",
					"parent": "seat2",
					"pivot": [-1, 7, -11],
					"cubes": [
						{"origin": [-14, 8, -8], "size": [1, 11, 1], "uv": [62, 128]},
						{"origin": [-14, 19, -11], "size": [2, 2, 7], "uv": [18, 116]}
					]
				},
				{
					"name": "seat1",
					"parent": "seats",
					"pivot": [-1, 7, 0],
					"cubes": [
						{"origin": [-9, 11, 0], "size": [7, 2, 7], "uv": [110, 87]},
						{"origin": [-2, 10, 0], "size": [1, 13, 7], "pivot": [-1.5, 16.5, 3.5], "rotation": [0, 0, 10], "uv": [112, 23]},
						{"origin": [-14.9, 15, -1], "size": [14, 1, 1], "pivot": [-6, 18.5, 8.5], "rotation": [0, 0, -60], "uv": [48, 106]},
						{"origin": [-14.9, 15, 7], "size": [14, 1, 1], "pivot": [-6, 18.5, 8.5], "rotation": [0, 0, -60], "uv": [48, 106]},
						{"origin": [-8, 18, -1], "size": [6, 1, 1], "pivot": [-4.5, 19.5, -3.5], "rotation": [0, 0, -25], "uv": [110, 105]},
						{"origin": [-8, 18, 7], "size": [6, 1, 1], "pivot": [-4.5, 19.5, -3.5], "rotation": [0, 0, -25], "uv": [110, 105]},
						{"origin": [-7, 14, -1], "size": [1, 4, 1], "pivot": [-5.5, 17, -12.5], "rotation": [0, 0, -30], "uv": [20, 16]},
						{"origin": [-7, 14, 7], "size": [1, 4, 1], "pivot": [-5.5, 17, -12.5], "rotation": [0, 0, -30], "uv": [20, 16]},
						{"origin": [-1, 21, -1], "size": [1, 1, 9], "uv": [114, 110]},
						{"origin": [-1, 26, 1], "size": [1, 2, 5], "uv": [38, 124]},
						{"origin": [-1, 22.8, 1], "size": [1, 3.2, 1], "uv": [14, 17]},
						{"origin": [-1, 22.8, 5], "size": [1, 3.2, 1], "uv": [14, 17]},
						{"origin": [-1, 25, 6], "size": [1, 3, 1], "uv": [78, 48]},
						{"origin": [-1, 25, 0], "size": [1, 3, 1], "uv": [19, 63]},
						{"origin": [-1, 10, -1], "size": [1, 8, 9], "uv": [0, 39]},
						{"origin": [-16, 8, 1], "size": [2, 7, 5], "uv": [114, 120]}
					]
				},
				{
					"name": "bar1",
					"parent": "seat1",
					"pivot": [-1, 7, 0],
					"cubes": [
						{"origin": [-14, 19, 0], "size": [2, 2, 7], "uv": [63, 119]},
						{"origin": [-14, 8, 3], "size": [1, 11, 1], "uv": [66, 128]}
					]
				},
				{
					"name": "cart",
					"parent": "Whole",
					"pivot": [-1, 7, 0]
				},
				{
					"name": "body",
					"parent": "cart",
					"pivot": [-1, 7, 0]
				},
				{
					"name": "firstrowpad",
					"parent": "body",
					"pivot": [-1, 7, 0],
					"cubes": [
						{"origin": [-9, 8, -13], "size": [9, 2, 22], "uv": [0, 39]}
					]
				},
				{
					"name": "mainbody",
					"parent": "body",
					"pivot": [-1, 7, 0],
					"cubes": [
						{"origin": [-17, 7, -14], "size": [35, 1, 24], "uv": [0, 0]},
						{"origin": [-17, 8, -14], "size": [35, 1, 1], "uv": [80, 83]},
						{"origin": [-19, 7, -14], "size": [3, 6, 24], "pivot": [-17.5, 10, -2], "rotation": [0, 0, 10], "uv": [0, 63]},
						{"origin": [-19, 15.6381, 6.95524], "size": [3, 6, 1], "pivot": [20.5, 18.6381, 12.45524], "rotation": [40, 0, 0], "uv": [11, 0]},
						{"origin": [-22, 18.6381, 6.95524], "size": [3, 3, 1], "pivot": [20.5, 18.6381, 12.45524], "rotation": [40, 0, 0], "uv": [40, 41]},
						{"origin": [18, 7, -14], "size": [1, 6, 24], "uv": [54, 67]},
						{"origin": [-17, 8, 9], "size": [35, 1, 1], "uv": [80, 85]},
						{"origin": [-19, 16, -13.2], "size": [3, 6, 1], "pivot": [20.5, 17, -17.5], "rotation": [-40, 0, 0], "uv": [0, 0]},
						{"origin": [-22, 19, -13.2], "size": [3, 3, 1], "pivot": [20.5, 17, -17.5], "rotation": [-40, 0, 0], "uv": [0, 39]},
						{"origin": [-6, 9, -14], "size": [24, 1, 1], "uv": [94, 8]},
						{"origin": [-6, 9, 9], "size": [24, 1, 1], "uv": [40, 39]},
						{"origin": [2, 10, -14], "size": [16, 1, 1], "uv": [94, 21]},
						{"origin": [2, 10, 9], "size": [16, 1, 1], "uv": [94, 19]},
						{"origin": [10, 11, -14], "size": [8, 1, 1], "uv": [80, 36]},
						{"origin": [10, 11, 9], "size": [8, 1, 1], "uv": [78, 61]},
						{"origin": [-17, 6, -14], "size": [36, 1, 1], "uv": [80, 81]},
						{"origin": [-17, 6, 9], "size": [36, 1, 1], "uv": [80, 79]},
						{"origin": [-13, 4, -14], "size": [32, 1, 1], "uv": [94, 6]},
						{"origin": [-13, 4, 9], "size": [32, 1, 1], "uv": [94, 4]},
						{"origin": [-15, 5, -14], "size": [34, 1, 1], "uv": [94, 2]},
						{"origin": [-15, 5, 9], "size": [34, 1, 1], "uv": [94, 0]},
						{"origin": [-17.04904, 5.04904, -14], "size": [5, 1, 1], "pivot": [-14.54904, 5.54904, -13.5], "rotation": [0, 0, 30], "uv": [131, 99]},
						{"origin": [-17.04904, 5.04904, 9], "size": [5, 1, 1], "pivot": [-14.54904, 5.54904, -13.5], "rotation": [0, 0, 30], "uv": [130, 41]},
						{"origin": [-19, 13, -14], "size": [3, 1, 24], "uv": [80, 48]},
						{"origin": [-19, 14, -13], "size": [3, 1, 22], "uv": [82, 87]},
						{"origin": [-22, 15, -13], "size": [6, 1, 22], "uv": [78, 25]},
						{"origin": [-22, 16, -11], "size": [6, 1, 18], "uv": [30, 67]},
						{"origin": [-22, 17, -11], "size": [6, 1, 18], "uv": [30, 67]}
					]
				},
				{
					"name": "leftpaddle",
					"parent": "body",
					"pivot": [-1, 7, 0],
					"cubes": [
						{"origin": [18, 12, -18], "size": [2, 1, 4], "uv": [122, 67]},
						{"origin": [20, 12, -17], "size": [1, 1, 3], "uv": [40, 45]},
						{"origin": [21, 12, -16], "size": [1, 1, 2], "uv": [0, 69]},
						{"origin": [22, 12, -15], "size": [1, 1, 1], "uv": [43, 67]},
						{"origin": [-17, 9, -18], "size": [35, 2, 5], "pivot": [0.5, 11.5, -16], "rotation": [0, 0, -7.5], "uv": [0, 32]},
						{"origin": [19, 12, -17.5], "size": [6, 1, 1], "pivot": [21, 12.5, -18.5], "rotation": [0, -40, 0], "uv": [112, 45]}
					]
				},
				{
					"name": "rightpaddle",
					"parent": "body",
					"pivot": [-1, 7, 0],
					"cubes": [
						{"origin": [18, 12, 10], "size": [2, 1, 4], "uv": [74, 119]},
						{"origin": [-2, 12, 4.5], "size": [6, 1, 1], "pivot": [21, 12.5, -18.5], "rotation": [0, 40, 0], "uv": [110, 107]},
						{"origin": [20, 12, 10], "size": [1, 1, 3], "uv": [0, 43]},
						{"origin": [22, 12, 10], "size": [1, 1, 1], "uv": [4, 63]},
						{"origin": [-17, 9, 9], "size": [35, 2, 5], "pivot": [0.5, 11.5, -16], "rotation": [0, 0, -7.5], "uv": [0, 25]},
						{"origin": [21, 12, 10], "size": [1, 1, 2], "uv": [39, 67]}
					]
				},
				{
					"name": "backboard",
					"parent": "body",
					"pivot": [-1, 7, 0],
					"cubes": [
						{"origin": [19, 15, -12], "size": [4, 1, 2], "uv": [131, 90]},
						{"origin": [19, 16, 6], "size": [4, 1, 2], "uv": [78, 131]},
						{"origin": [19, 13, 6], "size": [4, 1, 4], "uv": [54, 86]},
						{"origin": [19, 15, 6], "size": [4, 1, 2], "uv": [131, 96]},
						{"origin": [19, 14, 6], "size": [4, 1, 3], "uv": [64, 108]},
						{"origin": [19, 13, -14], "size": [4, 1, 4], "uv": [80, 67]},
						{"origin": [19, 14, -13], "size": [4, 1, 3], "uv": [26, 105]},
						{"origin": [19, 16, -13.2], "size": [4, 6, 1], "pivot": [20.5, 17, -17.5], "rotation": [-40, 0, 0], "uv": [51, 41]},
						{"origin": [19, 18.7, -11.20061], "size": [4, 1, 6], "pivot": [21, 18.89417, -6.20061], "rotation": [20, 0, 0], "uv": [0, 79]},
						{"origin": [19, 15.6381, 6.95524], "size": [4, 6, 1], "pivot": [20.5, 18.6381, 12.45524], "rotation": [40, 0, 0], "uv": [11, 39]},
						{"origin": [19, 18.67192, 1.19093], "size": [4, 1, 6], "pivot": [21, 19.17192, 2.19093], "rotation": [-20, 0, 0], "uv": [0, 17]},
						{"origin": [20, 18, -7], "size": [3, 1, 10], "uv": [78, 48]},
						{"origin": [20, 19, -6], "size": [3, 1, 8], "uv": [75, 25]},
						{"origin": [19, 12, -10], "size": [3, 5, 16], "uv": [26, 93]},
						{"origin": [22, 11, -10], "size": [1, 6, 16], "uv": [64, 97]},
						{"origin": [20, 17, -10], "size": [3, 1, 16], "uv": [110, 48]},
						{"origin": [19, 16, -12], "size": [4, 1, 2], "uv": [131, 87]}
					]
				},
				{
					"name": "secondrowpad",
					"parent": "body",
					"pivot": [-1, 7, 0],
					"cubes": [
						{"origin": [10, 8, -13], "size": [8, 4, 22], "uv": [40, 41]}
					]
				},
				{
					"name": "bladeleft",
					"parent": "body",
					"pivot": [-1, 7, 0],
					"cubes": [
						{"origin": [-15, 5, 10], "size": [34, 0, 3], "uv": [77, 76]}
					]
				},
				{
					"name": "bladeright",
					"parent": "body",
					"pivot": [-1, 7, -27],
					"cubes": [
						{"origin": [-15, 5, -17], "size": [34, 0, 3], "uv": [77, 73]}
					]
				},
				{
					"name": "hook",
					"parent": "cart",
					"pivot": [-1, 7, 0],
					"cubes": [
						{"origin": [18, 6, -6], "size": [1, 1, 8], "uv": [60, 67]},
						{"origin": [20, 2, 0], "size": [5, 2, 1], "pivot": [24.5, 6.5, -4.5], "rotation": [0, 0, 35], "uv": [128, 35]},
						{"origin": [20, 2, -5], "size": [5, 2, 1], "pivot": [24.5, 6.5, -4.5], "rotation": [0, 0, 35], "uv": [128, 35]},
						{"origin": [23, 2, -4], "size": [2, 2, 4], "pivot": [24.5, 6.5, -4.5], "rotation": [0, 0, 35], "uv": [0, 125]},
						{"origin": [22, 1, -5], "size": [5, 3, 1], "uv": [66, 86]},
						{"origin": [22, 1, 0], "size": [5, 3, 1], "uv": [66, 86]},
						{"origin": [26, 1, -4], "size": [2, 3, 4], "uv": [11, 63]}
					]
				},
				{
					"name": "support",
					"parent": "Whole",
					"pivot": [-1, 7, 0],
					"cubes": [
						{"origin": [-18, 6, -13], "size": [2, 1, 22], "uv": [0, 93]},
						{"origin": [-19, 5, 0], "size": [1, 2, 4], "uv": [14, 17]},
						{"origin": [-24, 5, -1], "size": [3, 2, 3], "uv": [110, 67]},
						{"origin": [-21, 5, -7], "size": [2, 2, 4], "uv": [12, 125]},
						{"origin": [-21, 5, -1], "size": [2, 2, 4], "uv": [12, 125]},
						{"origin": [-19, 5, -8], "size": [1, 2, 4], "uv": [14, 17]},
						{"origin": [-24, 5, -6], "size": [3, 2, 3], "uv": [110, 67]},
						{"origin": [-24, 5, -7], "size": [5, 2, 1], "pivot": [-22.5, 6, -7.5], "rotation": [0, 27.5, 0], "uv": [128, 124]},
						{"origin": [-19, 5, 0.5], "size": [5, 2, 1], "pivot": [-22.5, 6, -7.5], "rotation": [0, -27.5, 0], "uv": [128, 124]},
						{"origin": [-27, 5, -3], "size": [4, 2, 2], "uv": [92, 67]},
						{"origin": [-27, -8, -4], "size": [1, 15, 1], "uv": [20, 0]},
						{"origin": [-27, -8, -1], "size": [1, 15, 1], "uv": [20, 0]},
						{"origin": [-26, 3, -1], "size": [5, 1, 1], "pivot": [-24, 2.5, -0.5], "rotation": [0, 0, -42.5], "uv": [0, 113]},
						{"origin": [-26, 3, -4], "size": [5, 1, 1], "pivot": [-24, 2.5, -0.5], "rotation": [0, 0, -42.5], "uv": [0, 113]},
						{"origin": [-27, -9, -5], "size": [1, 1, 6], "uv": [11, 116]}
					]
				}
			]
		}
	]
}